{
  "version": "1.0",
  "generated_at": "2025-11-07T15:48:08.405721Z",
  "git_sha": "fe4a380280344036844a1c39884ded50e9b2f1a2",
  "dataset": {
    "num_samples": 130714,
    "feature_dim": 126,
    "num_classes": 197,
    "labels_sha256": "93d14f4c038e7a1a0654df3c1861ab674fcff163319c39422fb81fa008a34012"
  },
  "training": {
    "final_loss": 0.15878671407699585,
    "final_accuracy": 0.9011747241020203,
    "final_val_loss": 0.17997625470161438,
    "final_val_accuracy": 0.9005507826805115,
    "num_epochs": 33
  },
  "quantized_models": {
    "float32": {
      "filename": "expressora_unified.tflite",
      "size_mb": 0.09
    }
  },
  "live_thresholds": {
    "conf_threshold": 0.65,
    "hold_frames": 3,
    "idle_timeout_ms": 1000
  },
  "origin_tracking": {
    "enabled": true,
    "origin_labels_sha256": "dffd79c9aa4ddec357f49610fcc974225088d70c1e584c02a703d0448f25b62b",
    "label_origin_stats_sha256": "c6c9073b5fef510ffa1b19edf65bb0b55a22738bbac53deba06cf7e13d2cf70d",
    "distribution": {
      "ASL": {
        "count": 66120,
        "percentage": 50.58
      },
      "FSL": {
        "count": 64594,
        "percentage": 49.42
      }
    },
    "fallback_priors_available": true
  }
}